"Time","SM Active","PCIe"
2026-08-16 19:16:42,0,0.871
2026-08-16 19:16:43,0,0.191
2026-08-16 19:16:44,0,0.185
2026-08-16 19:16:45,0,0.882
2026-08-16 19:16:46,0,1.60
2026-08-16 19:16:47,0,1.55
2026-08-16 19:16:48,0,0.813
2026-08-16 19:16:49,0,0.842
2026-08-16 19:16:50,0,1.21
2026-08-16 19:16:51,0,1.21
2026-08-16 19:16:52,0,1.45
2026-08-16 19:16:53,0,1.56
2026-08-16 19:16:54,0,1.57
2026-08-16 19:16:55,4.08,8734
2026-08-16 19:16:56,5.24,26337
2026-08-16 19:16:57,0,26967
2026-08-16 19:16:58,0,26799
2026-08-16 19:16:59,0,27139
2026-08-16 19:17:00,0,26563
2026-08-16 19:17:01,0,26379
2026-08-16 19:17:02,0,24941
2026-08-16 19:17:03,0,25209
2026-08-16 19:17:04,0,25114
2026-08-16 19:17:05,0,25209
2026-08-16 19:17:06,0,25051
2026-08-16 19:17:07,0,25044
2026-08-16 19:17:08,0,25302
2026-08-16 19:17:09,0.597,25709
2026-08-16 19:17:10,5.81,26731
2026-08-16 19:17:11,6.59,27180
2026-08-16 19:17:12,6.78,26611
2026-08-16 19:17:13,7.42,26513
2026-08-16 19:17:14,7.40,26497
2026-08-16 19:17:15,7.39,25669
2026-08-16 19:17:16,2.52,25002
2026-08-16 19:17:17,0,25352
2026-08-16 19:17:18,0,25368
2026-08-16 19:17:19,0,25350
2026-08-16 19:17:20,0,25386
2026-08-16 19:17:21,0,25345
2026-08-16 19:17:22,0,26878
2026-08-16 19:17:23,0,26668
2026-08-16 19:17:24,0,26604
2026-08-16 19:17:25,0,26540
2026-08-16 19:17:26,0,26505
2026-08-16 19:17:27,0,26473
2026-08-16 19:17:28,2.84,25425
2026-08-16 19:17:29,7.26,25082
2026-08-16 19:17:30,7.27,25357
2026-08-16 19:17:31,7.25,25274
2026-08-16 19:17:32,7.42,24971
2026-08-16 19:17:33,7.34,25325
2026-08-16 19:17:34,7.37,26505
2026-08-16 19:17:35,1.67,26865
2026-08-16 19:17:36,0,26470
2026-08-16 19:17:37,0,26570
2026-08-16 19:17:38,0,26553
2026-08-16 19:17:39,0,26484
2026-08-16 19:17:40,0,26462
2026-08-16 19:17:41,0,24609
2026-08-16 19:17:42,0,25430
2026-08-16 19:17:43,0,25415
2026-08-16 19:17:44,0,25382
2026-08-16 19:17:45,0,25375
2026-08-16 19:17:46,0,26550
2026-08-16 19:17:47,0,26530
2026-08-16 19:17:48,3.07,26847
2026-08-16 19:17:49,7.06,26595
2026-08-16 19:17:50,7.21,26562
2026-08-16 19:17:51,7.29,26540
2026-08-16 19:17:52,7.51,26499
2026-08-16 19:17:53,7.38,26509
2026-08-16 19:17:54,6.78,24865
2026-08-16 19:17:55,0,25392
2026-08-16 19:17:56,0,25298
2026-08-16 19:17:57,0,26423
2026-08-16 19:17:58,0,26465
2026-08-16 19:17:59,0,26504
2026-08-16 19:18:00,0,26451
2026-08-16 19:18:01,0,27110
2026-08-16 19:18:02,0,26429
2026-08-16 19:18:03,0,26424
2026-08-16 19:18:04,0,26409
2026-08-16 19:18:05,0,26426
2026-08-16 19:18:06,0,26437
2026-08-16 19:18:07,3.53,25177
2026-08-16 19:18:08,7.47,25270
2026-08-16 19:18:09,7.48,26489
2026-08-16 19:18:10,7.44,26470
2026-08-16 19:18:11,7.45,26474
2026-08-16 19:18:12,7.45,26490
2026-08-16 19:18:13,7.22,26461
2026-08-16 19:18:14,6.08,26645
2026-08-16 19:18:15,0,26469
2026-08-16 19:18:16,0,26432
2026-08-16 19:18:17,0,26416
2026-08-16 19:18:18,0,26412
2026-08-16 19:18:19,0,26419
2026-08-16 19:18:20,0,24501
2026-08-16 19:18:21,0,26476
2026-08-16 19:18:22,0,26456
2026-08-16 19:18:23,0,26430
2026-08-16 19:18:24,0,26447
2026-08-16 19:18:25,0,26475
2026-08-16 19:18:26,0,26526
2026-08-16 19:18:27,0,26480
2026-08-16 19:18:28,0,6922
2026-08-16 19:18:29,0,1.56
