"Time","NVIDIA A30 GPU ID: 0 Instance ID:  Profile: "
2026-08-14 20:11:42,0.199
2026-08-14 20:11:43,0.199
2026-08-14 20:11:44,0.140
2026-08-14 20:11:45,0.192
2026-08-14 20:11:46,0.171
2026-08-14 20:11:47,0.214
2026-08-14 20:11:48,0.220
2026-08-14 20:11:49,0.302
2026-08-14 20:11:50,0.276
2026-08-14 20:11:51,0.213
2026-08-14 20:11:52,0.255
2026-08-14 20:11:53,0.239
2026-08-14 20:11:54,0.140
2026-08-14 20:11:55,0.178
2026-08-14 20:11:56,1.42
2026-08-14 20:11:57,1.68
2026-08-14 20:11:58,1.71
2026-08-14 20:11:59,1.65
2026-08-14 20:12:00,1.52
2026-08-14 20:12:01,1.99
2026-08-14 20:12:02,13945
2026-08-14 20:12:03,27489
2026-08-14 20:12:04,27138
2026-08-14 20:12:05,26706
2026-08-14 20:12:06,27499
2026-08-14 20:12:07,26972
2026-08-14 20:12:08,27500
2026-08-14 20:12:09,27142
2026-08-14 20:12:10,27492
2026-08-14 20:12:11,27139
2026-08-14 20:12:12,27142
2026-08-14 20:12:13,26961
2026-08-14 20:12:14,26966
2026-08-14 20:12:15,27171
2026-08-14 20:12:16,26796
2026-08-14 20:12:17,27588
2026-08-14 20:12:18,27133
2026-08-14 20:12:19,27143
2026-08-14 20:12:20,26960
2026-08-14 20:12:21,26972
2026-08-14 20:12:22,27142
2026-08-14 20:12:23,26796
2026-08-14 20:12:24,27500
2026-08-14 20:12:25,27131
2026-08-14 20:12:26,27500
2026-08-14 20:12:27,27146
2026-08-14 20:12:28,26527
2026-08-14 20:12:29,27535
2026-08-14 20:12:30,26797
2026-08-14 20:12:31,27500
2026-08-14 20:12:32,27165
2026-08-14 20:12:33,27568
2026-08-14 20:12:34,27143
2026-08-14 20:12:35,27494
2026-08-14 20:12:36,26809
2026-08-14 20:12:37,27324
2026-08-14 20:12:38,26962
2026-08-14 20:12:39,26622
2026-08-14 20:12:40,27589
2026-08-14 20:12:41,27148
2026-08-14 20:12:42,27495
2026-08-14 20:12:43,26789
2026-08-14 20:12:44,27299
2026-08-14 20:12:45,27060
2026-08-14 20:12:46,26621
2026-08-14 20:12:47,27500
2026-08-14 20:12:48,26975
2026-08-14 20:12:49,27500
2026-08-14 20:12:50,27150
2026-08-14 20:12:51,27131
2026-08-14 20:12:52,27112
2026-08-14 20:12:53,26669
2026-08-14 20:12:54,27500
2026-08-14 20:12:55,27026
2026-08-14 20:12:56,27500
2026-08-14 20:12:57,27148
2026-08-14 20:12:58,27495
2026-08-14 20:12:59,27248
2026-08-14 20:13:00,27305
2026-08-14 20:13:01,26960
2026-08-14 20:13:02,26972
2026-08-14 20:13:03,27410
2026-08-14 20:13:04,27149
2026-08-14 20:13:05,27492
2026-08-14 20:13:06,27140
2026-08-14 20:13:07,27137
2026-08-14 20:13:08,26966
2026-08-14 20:13:09,26974
2026-08-14 20:13:10,27142
2026-08-14 20:13:11,26796
2026-08-14 20:13:12,27500
2026-08-14 20:13:13,26973
2026-08-14 20:13:14,27219
2026-08-14 20:13:15,26972
2026-08-14 20:13:16,26973
2026-08-14 20:13:17,27149
2026-08-14 20:13:18,26796
2026-08-14 20:13:19,27500
2026-08-14 20:13:20,26972
2026-08-14 20:13:21,27500
2026-08-14 20:13:22,27145
2026-08-14 20:13:23,27496
2026-08-14 20:13:24,27138
2026-08-14 20:13:25,26701
2026-08-14 20:13:26,27500
2026-08-14 20:13:27,27190
2026-08-14 20:13:28,27582
2026-08-14 20:13:29,27143
2026-08-14 20:13:30,27492
2026-08-14 20:13:31,27226
2026-08-14 20:13:32,27153
2026-08-14 20:13:33,26964
2026-08-14 20:13:34,26854
2026-08-14 20:13:35,27294
2026-08-14 20:13:36,26799
2026-08-14 20:13:37,27588
2026-08-14 20:13:38,26959
2026-08-14 20:13:39,27325
2026-08-14 20:13:40,26956
2026-08-14 20:13:41,26956
2026-08-14 20:13:42,27546
2026-08-14 20:13:43,27546
2026-08-14 20:13:44,26797
2026-08-14 20:13:45,27500
2026-08-14 20:13:46,27148
2026-08-14 20:13:47,27588
2026-08-14 20:13:48,27144
2026-08-14 20:13:49,27354
2026-08-14 20:13:50,27314
2026-08-14 20:13:51,26963
2026-08-14 20:13:52,27500
2026-08-14 20:13:53,27172
2026-08-14 20:13:54,27494
2026-08-14 20:13:55,27226
2026-08-14 20:13:56,27142
2026-08-14 20:13:57,26962
2026-08-14 20:13:58,27137
2026-08-14 20:13:59,27141
2026-08-14 20:14:00,26796
2026-08-14 20:14:01,27587
2026-08-14 20:14:02,27148
2026-08-14 20:14:03,27144
2026-08-14 20:14:04,26962
2026-08-14 20:14:05,26974
2026-08-14 20:14:06,27144
2026-08-14 20:14:07,26797
2026-08-14 20:14:08,27500
2026-08-14 20:14:09,26972
2026-08-14 20:14:10,27500
2026-08-14 20:14:11,27143
2026-08-14 20:14:12,26859
2026-08-14 20:14:13,27147
2026-08-14 20:14:14,26796
2026-08-14 20:14:15,27491
2026-08-14 20:14:16,26974
2026-08-14 20:14:17,27500
2026-08-14 20:14:18,27143
2026-08-14 20:14:19,27494
2026-08-14 20:14:20,27140
2026-08-14 20:14:21,27143
2026-08-14 20:14:22,26952
2026-08-14 20:14:23,26970
2026-08-14 20:14:24,27499
2026-08-14 20:14:25,27146
2026-08-14 20:14:26,27494
2026-08-14 20:14:27,27129
2026-08-14 20:14:28,27323
2026-08-14 20:14:29,26963
2026-08-14 20:14:30,26682
2026-08-14 20:14:31,27361
2026-08-14 20:14:32,26797
2026-08-14 20:14:33,27500
2026-08-14 20:14:34,27148
2026-08-14 20:14:35,27591
2026-08-14 20:14:36,27057
2026-08-14 20:14:37,26625
2026-08-14 20:14:38,27564
2026-08-14 20:14:39,26796
2026-08-14 20:14:40,27500
2026-08-14 20:14:41,27149
2026-08-14 20:14:42,27493
2026-08-14 20:14:43,27139
2026-08-14 20:14:44,27496
2026-08-14 20:14:45,26780
2026-08-14 20:14:46,27324
2026-08-14 20:14:47,27316
2026-08-14 20:14:48,27212
2026-08-14 20:14:49,27494
2026-08-14 20:14:50,27139
2026-08-14 20:14:51,27470
2026-08-14 20:14:52,26874
2026-08-14 20:14:53,27324
2026-08-14 20:14:54,26966
2026-08-14 20:14:55,26793
2026-08-14 20:14:56,27500
2026-08-14 20:14:57,26796
2026-08-14 20:14:58,27437
2026-08-14 20:14:59,26976
2026-08-14 20:15:00,27671
2026-08-14 20:15:01,2774
2026-08-14 20:15:02,1.86
2026-08-14 20:15:03,2.36
2026-08-14 20:15:04,1.02
2026-08-14 20:15:05,0.321
2026-08-14 20:15:06,0.307
2026-08-14 20:15:07,0.298
2026-08-14 20:15:08,0.164
2026-08-14 20:15:09,0.165
2026-08-14 20:15:10,0.171
2026-08-14 20:15:11,0.141
2026-08-14 20:15:12,0.331
2026-08-14 20:15:13,0.308
2026-08-14 20:15:14,0.330
2026-08-14 20:15:15,0.298
2026-08-14 20:15:16,4.40
2026-08-14 20:15:17,0.307
2026-08-14 20:15:18,0.166
2026-08-14 20:15:19,0.165
2026-08-14 20:15:20,0.170
2026-08-14 20:15:21,0.233
2026-08-14 20:15:22,0.201
2026-08-14 20:15:23,0.259
2026-08-14 20:15:24,0.267
2026-08-14 20:15:25,0.258
2026-08-14 20:15:26,0.258
2026-08-14 20:15:27,0.262
2026-08-14 20:15:28,0.163
2026-08-14 20:15:29,0.165
2026-08-14 20:15:30,0.232
2026-08-14 20:15:31,0.227
2026-08-14 20:15:32,0.281
2026-08-14 20:15:33,0.288
2026-08-14 20:15:34,0.295
2026-08-14 20:15:35,0.301
2026-08-14 20:15:36,0.304
2026-08-14 20:15:37,0.295
2026-08-14 20:15:38,0.185
2026-08-14 20:15:39,0.266
2026-08-14 20:15:40,0.224
2026-08-14 20:15:41,0.251
2026-08-14 20:15:42,0.199
2026-08-14 20:15:43,0.310
2026-08-14 20:15:44,0.338
2026-08-14 20:15:45,0.276
2026-08-14 20:15:46,0.259
2026-08-14 20:15:47,0.179
2026-08-14 20:15:48,0.268
2026-08-14 20:15:49,0.228
2026-08-14 20:15:50,0.222
2026-08-14 20:15:51,0.231
2026-08-14 20:15:52,0.198
2026-08-14 20:15:53,0.258
2026-08-14 20:15:54,0.264
2026-08-14 20:15:55,0.259
2026-08-14 20:15:56,0.260
2026-08-14 20:15:57,0.258
2026-08-14 20:15:58,0.233
2026-08-14 20:15:59,0.236
2026-08-14 20:16:00,0.232
2026-08-14 20:16:01,0.250
2026-08-14 20:16:02,0.201
2026-08-14 20:16:03,0.260
2026-08-14 20:16:04,0.262
2026-08-14 20:16:05,0.290
2026-08-14 20:16:06,0.132
2026-08-14 20:16:07,0.227
2026-08-14 20:16:08,0.230
2026-08-14 20:16:09,0.231
2026-08-14 20:16:10,0.232
2026-08-14 20:16:11,0.229
2026-08-14 20:16:12,0.213
2026-08-14 20:16:13,0.259
2026-08-14 20:16:14,0.269
2026-08-14 20:16:15,0.237
2026-08-14 20:16:16,4.16
2026-08-14 20:16:17,0.393
2026-08-14 20:16:18,0.258
2026-08-14 20:16:19,0.269
2026-08-14 20:16:20,0.271
2026-08-14 20:16:21,0.260
2026-08-14 20:16:22,0.227
2026-08-14 20:16:23,0.296
2026-08-14 20:16:24,0.138
2026-08-14 20:16:25,0.131
2026-08-14 20:16:26,0.217
2026-08-14 20:16:27,0.306
2026-08-14 20:16:28,0.271
2026-08-14 20:16:29,0.270
2026-08-14 20:16:30,0.272
2026-08-14 20:16:31,0.270
2026-08-14 20:16:32,0.240
2026-08-14 20:16:33,0.131
2026-08-14 20:16:34,0.198
2026-08-14 20:16:35,0.196
2026-08-14 20:16:36,0.265
2026-08-14 20:16:37,0.234
2026-08-14 20:16:38,0.298
2026-08-14 20:16:39,0.295
2026-08-14 20:16:40,0.239
2026-08-14 20:16:41,0.226
2026-08-14 20:16:42,0.0708
2026-08-14 20:16:43,0.159
2026-08-14 20:16:44,0.221
2026-08-14 20:16:45,0.216
2026-08-14 20:16:46,0.263
2026-08-14 20:16:47,0.230
2026-08-14 20:16:48,0.229
2026-08-14 20:16:49,0.228
2026-08-14 20:16:50,0.229
2026-08-14 20:16:51,0.104
2026-08-14 20:16:52,0.141
2026-08-14 20:16:53,0.207
2026-08-14 20:16:54,0.221
2026-08-14 20:16:55,0.215
2026-08-14 20:16:56,0.297
2026-08-14 20:16:57,0.232
2026-08-14 20:16:58,0.227
2026-08-14 20:16:59,0.228
2026-08-14 20:17:00,0.104
2026-08-14 20:17:01,0.166
2026-08-14 20:17:02,0.137
2026-08-14 20:17:03,0.198
2026-08-14 20:17:04,0.208
2026-08-14 20:17:05,0.205
2026-08-14 20:17:06,0.271
2026-08-14 20:17:07,0.233
2026-08-14 20:17:08,0.278
2026-08-14 20:17:09,0.102
2026-08-14 20:17:10,0.140
2026-08-14 20:17:11,0.181
2026-08-14 20:17:12,0.140
2026-08-14 20:17:13,0.206
2026-08-14 20:17:14,0.209
2026-08-14 20:17:15,0.207
2026-08-14 20:17:16,3.69
2026-08-14 20:17:17,0.229
2026-08-14 20:17:18,0.180
2026-08-14 20:17:19,0.101
2026-08-14 20:17:20,0.168
2026-08-14 20:17:21,0.181
2026-08-14 20:17:22,0.151
2026-08-14 20:17:23,0.197
2026-08-14 20:17:24,0.542
2026-08-14 20:17:25,10.4
2026-08-14 20:17:26,21196
2026-08-14 20:17:27,25560
2026-08-14 20:17:28,26316
2026-08-14 20:17:29,26014
2026-08-14 20:17:30,26025
2026-08-14 20:17:31,25969
2026-08-14 20:17:32,26023
2026-08-14 20:17:33,26019
2026-08-14 20:17:34,25693
2026-08-14 20:17:35,24995
2026-08-14 20:17:36,26470
2026-08-14 20:17:37,26056
2026-08-14 20:17:38,25943
2026-08-14 20:17:39,26025
2026-08-14 20:17:40,26020
2026-08-14 20:17:41,25390
2026-08-14 20:17:42,25029
2026-08-14 20:17:43,25237
2026-08-14 20:17:44,25154
2026-08-14 20:17:45,25240
2026-08-14 20:17:46,25257
2026-08-14 20:17:47,25773
2026-08-14 20:17:48,24806
2026-08-14 20:17:49,25242
2026-08-14 20:17:50,25194
2026-08-14 20:17:51,24948
2026-08-14 20:17:52,25200
2026-08-14 20:17:53,25252
2026-08-14 20:17:54,25246
2026-08-14 20:17:55,25404
2026-08-14 20:17:56,25477
2026-08-14 20:17:57,25177
2026-08-14 20:17:58,24815
2026-08-14 20:17:59,25236
2026-08-14 20:18:00,25236
2026-08-14 20:18:01,25374
2026-08-14 20:18:02,25464
2026-08-14 20:18:03,25091
2026-08-14 20:18:04,25212
2026-08-14 20:18:05,25199
2026-08-14 20:18:06,25049
2026-08-14 20:18:07,25206
2026-08-14 20:18:08,25458
2026-08-14 20:18:09,25140
2026-08-14 20:18:10,25234
2026-08-14 20:18:11,25080
2026-08-14 20:18:12,25207
2026-08-14 20:18:13,14235
2026-08-14 20:18:14,0.909
2026-08-14 20:18:15,0.875
2026-08-14 20:18:16,7.33
2026-08-14 20:18:17,0.187
2026-08-14 20:18:18,0.102
2026-08-14 20:18:19,0.199
2026-08-14 20:18:20,0.140
2026-08-14 20:18:21,0.186
2026-08-14 20:18:22,0.186
2026-08-14 20:18:23,0.187
2026-08-14 20:18:24,0.223
2026-08-14 20:18:25,0.187
2026-08-14 20:18:26,0.186
2026-08-14 20:18:27,0.200
2026-08-14 20:18:28,0.180
2026-08-14 20:18:29,0.160
2026-08-14 20:18:30,0.230
2026-08-14 20:18:31,0.191
2026-08-14 20:18:32,0.186
2026-08-14 20:18:33,0.167