trial,mode,direction,streams,buffer_bytes,iterations,bytes_transferred,latency_ms,bandwidth_GBps
1,h2d,H2D,1,67108864,2048,137438953472,124116.148438,1.107341
1,h2d,aggregate,1,67108864,2048,137438953472,124116.148438,1.107341
2,h2d,H2D,1,67108864,2048,137438953472,128322.093750,1.071047
2,h2d,aggregate,1,67108864,2048,137438953472,128322.093750,1.071047
3,h2d,H2D,1,67108864,2048,137438953472,128304.203125,1.071196
3,h2d,aggregate,1,67108864,2048,137438953472,128304.203125,1.071196
4,h2d,H2D,1,67108864,2048,137438953472,128311.492188,1.071135
4,h2d,aggregate,1,67108864,2048,137438953472,128311.492188,1.071135
5,h2d,H2D,1,67108864,2048,137438953472,128317.320312,1.071087
5,h2d,aggregate,1,67108864,2048,137438953472,128317.320312,1.071087
